caso,tipo,sistema,nota_qwen,nota_phi
g01,gold,bm25,4.0,5.0
g01,gold,e5_congelado,4.0,5.0
g01,gold,e5_finetuned,3.0,5.0
g02,gold,bm25,4.0,4.0
g02,gold,e5_congelado,3.0,3.0
g02,gold,e5_finetuned,3.0,4.0
g03,gold,bm25,3.0,4.0
g03,gold,e5_congelado,1.0,2.0
g03,gold,e5_finetuned,5.0,3.0
g04,gold,bm25,2.0,3.0
g04,gold,e5_congelado,2.0,5.0
g04,gold,e5_finetuned,5.0,5.0
g05,gold,bm25,1.0,2.0
g05,gold,e5_congelado,1.0,2.0
g05,gold,e5_finetuned,1.0,1.0
g06,gold,bm25,3.0,2.0
g06,gold,e5_congelado,4.0,5.0
g06,gold,e5_finetuned,3.0,5.0
g07,gold,bm25,2.0,4.0
g07,gold,e5_congelado,2.0,2.0
g07,gold,e5_finetuned,3.0,4.0
g08,gold,bm25,1.0,1.0
g08,gold,e5_congelado,1.0,1.0
g08,gold,e5_finetuned,2.0,1.0
g09,gold,bm25,2.0,2.0
g09,gold,e5_congelado,4.0,5.0
g09,gold,e5_finetuned,5.0,5.0
g10,gold,bm25,1.0,1.0
g10,gold,e5_congelado,4.0,5.0
g10,gold,e5_finetuned,4.0,5.0
adv01,adversarial,bm25,1.0,1.0
adv01,adversarial,e5_congelado,1.0,1.0
adv01,adversarial,e5_finetuned,,
adv02,adversarial,bm25,1.0,1.0
adv02,adversarial,e5_congelado,1.0,1.0
adv02,adversarial,e5_finetuned,,
adv03,adversarial,bm25,1.0,1.0
adv03,adversarial,e5_congelado,,
adv03,adversarial,e5_finetuned,,
