consulta,nota_Valeria_Hornung_1,nota_Alejandro,nota_sebastian,media_humana,rango_humano,formula_qwen,formula_phi
móvil xiaomi redmi note 7 negro,5,5,5,5.0,0,4,5
funda xiaomi mi 9 con esquinas reforzadas,5,2,3,3.3333333333333335,3,3,3
ordenador sobremesa i5 16gb ram ssd,5,5,5,5.0,0,5,3
pasteles sin azucar,2,1,1,1.3333333333333333,1,2,3
calcetines sin goma hombre,5,2,3,3.3333333333333335,3,1,2
perfumes hombre versace eros,4,5,4,4.333333333333333,1,3,5
libro lengua 3 primaria santillana,5,2,4,3.6666666666666665,3,2,4
filtro de gasoil renault trafic,2,1,2,1.6666666666666667,1,1,1
apple accesorios,5,4,5,4.666666666666667,1,5,5
matrix triologia,5,3,5,4.333333333333333,2,1,1
