id,faithfulness,context_precision,context_recall,answer_relevancy,sistema
g01-E,1.0,0.4,0.0,0.7173786163330078,A
g01-S,1.0,1.0,1.0,0.8761789202690125,A
g02-E,0.75,0.0,1.0,0.1743169128894806,A
g03-E,1.0,0.8,0.0,0.4327499270439148,A
g03-S,0.5,1.0,1.0,0.5927712917327881,A
g04-E,1.0,0.2,0.0,0.5951268076896667,A
g04-S,1.0,0.4,0.0,0.8565823435783386,A
g05-E,1.0,0.8,0.0,0.6377209424972534,A
g05-S,1.0,0.6,1.0,0.6293909549713135,A
g06-E,1.0,0.4,0.0,0.6592569947242737,A
g06-S,1.0,0.4,0.0,0.7551636695861816,A
g07-E,1.0,1.0,0.0,0.6181944608688354,A
g07-S,1.0,0.4,1.0,0.20146523416042328,A
g08-E,0.0,0.2,0.0,0.628508985042572,A
g08-S,0.5,0.6,1.0,0.7696263790130615,A
g09-E,1.0,1.0,0.0,0.8405308723449707,A
g09-S,0.75,0.8,1.0,0.6698344349861145,A
g10-E,1.0,0.2,1.0,0.2715052366256714,A
g10-S,1.0,0.2,0.0,0.46476316452026367,A
adv01,1.0,,,0.591259777545929,A
adv02,,,,,A
adv03,1.0,,,0.6152529716491699,A
n01-E,1.0,0.4,0.0,0.4647013545036316,A
n01-S,0.75,1.0,0.0,0.6937032341957092,A
n02-E,1.0,0.8,0.0,0.7223414182662964,A
n02-S,1.0,1.0,1.0,0.7894532084465027,A
n03-E,0.5,0.8,1.0,0.6934079527854919,A
n03-S,1.0,0.8,1.0,0.8570760488510132,A
n04-E,1.0,1.0,0.0,0.5370383858680725,A
n04-S,0.8,1.0,1.0,0.49804985523223877,A
n05-E,1.0,1.0,0.0,0.17209824919700623,A
n05-S,1.0,1.0,0.0,0.7535504698753357,A
n06-E,0.5,1.0,0.0,0.21992993354797363,A
n06-S,1.0,1.0,1.0,0.7288680672645569,A
n07-E,1.0,0.8,0.0,0.6079003214836121,A
n07-S,1.0,0.6,0.0,0.6945744156837463,A
n08-E,1.0,0.4,0.0,0.3316926062107086,A
n08-S,1.0,0.2,0.0,0.7798153162002563,A
n09-E,0.5,0.8,0.0,0.48559558391571045,A
n09-S,1.0,1.0,1.0,0.636501133441925,A
n10-E,1.0,0.2,1.0,0.36200106143951416,A
n10-S,1.0,0.4,0.0,0.5228149890899658,A
n11-E,0.5,0.0,0.0,0.15566247701644897,A
n11-S,0.6666666666666666,0.0,0.0,0.25962063670158386,A
n12-E,1.0,0.8,1.0,0.6052102446556091,A
n12-S,1.0,0.8,1.0,0.380160391330719,A
adv04,0.5,,,0.39853399991989136,A
adv05,0.6666666666666666,,,0.4590821862220764,A
adv06,0.6666666666666666,,,0.8146688342094421,A
g01-E,1.0,0.4,0.0,0.8935863375663757,B
g01-S,1.0,1.0,1.0,0.8614784479141235,B
g02-E,1.0,0.4,1.0,0.8439705967903137,B
g03-E,0.6666666666666666,1.0,1.0,0.5252726078033447,B
g03-S,1.0,1.0,1.0,0.6268228888511658,B
g04-E,1.0,0.6,0.0,0.5951268076896667,B
g04-S,1.0,0.8,1.0,0.32082149386405945,B
g05-E,0.6666666666666666,1.0,1.0,0.02185649797320366,B
g05-S,1.0,1.0,1.0,0.7249792218208313,B
g06-E,1.0,1.0,1.0,0.5225920081138611,B
g06-S,0.6,0.8,0.0,0.606057345867157,B
g07-E,1.0,1.0,0.0,0.6399619579315186,B
g07-S,0.8,0.2,1.0,0.36763232946395874,B
g08-E,1.0,0.2,0.0,0.3336983919143677,B
g08-S,0.5,0.8,1.0,0.762963056564331,B
g09-E,0.6,0.6,0.0,0.8842272758483887,B
g09-S,0.8333333333333334,1.0,0.0,0.6616637110710144,B
g10-E,1.0,0.4,1.0,0.42700517177581787,B
g10-S,1.0,0.4,0.0,0.3759913742542267,B
adv01,1.0,,,0.3746410012245178,B
adv02,0.75,,,0.34188055992126465,B
adv03,1.0,,,0.6152529716491699,B
n01-E,1.0,0.6,0.0,0.5155293345451355,B
n01-S,1.0,1.0,0.0,0.6004167795181274,B
n02-E,1.0,0.6,0.0,0.751822292804718,B
n02-S,1.0,1.0,1.0,0.5995872616767883,B
n03-E,1.0,0.8,1.0,0.22019720077514648,B
n03-S,1.0,0.8,1.0,0.7700151205062866,B
n04-E,1.0,1.0,0.0,0.4969163239002228,B
n04-S,1.0,1.0,1.0,0.2751384675502777,B
n05-E,1.0,1.0,0.0,0.5911949872970581,B
n05-S,1.0,1.0,1.0,0.44602784514427185,B
n06-E,1.0,1.0,0.0,0.5925119519233704,B
n06-S,1.0,1.0,1.0,0.6825529336929321,B
n07-E,1.0,0.6,0.0,0.4910995066165924,B
n07-S,1.0,0.4,0.0,0.5501372218132019,B
n08-E,0.6666666666666666,1.0,0.0,0.357242226600647,B
n08-S,1.0,1.0,0.0,0.5709648132324219,B
n09-E,0.25,1.0,0.0,0.3791668117046356,B
n09-S,0.6666666666666666,1.0,1.0,0.8531182408332825,B
n10-E,0.6666666666666666,0.6,1.0,0.45609796047210693,B
n10-S,1.0,1.0,0.0,0.46443605422973633,B
n11-E,0.0,0.4,1.0,0.2770788371562958,B
n11-S,1.0,0.4,0.0,0.384151816368103,B
n12-E,1.0,1.0,1.0,0.7481966614723206,B
n12-S,1.0,1.0,1.0,0.8230946063995361,B
adv04,1.0,,,0.5619333386421204,B
adv05,0.5,,,-0.1267412155866623,B
adv06,0.5,,,0.09488545358181,B
g01-E,1.0,0.4,0.0,0.8935863375663757,C
g01-S,1.0,1.0,0.0,0.7863457798957825,C
g02-E,0.75,1.0,1.0,0.6946598887443542,C
g03-E,0.4,1.0,1.0,0.5073462128639221,C
g03-S,1.0,1.0,0.0,0.5068490505218506,C
g04-E,1.0,1.0,0.0,0.5951268076896667,C
g04-S,1.0,0.8,1.0,0.23358158767223358,C
g05-E,0.5,0.8,0.0,0.013176691718399525,C
g05-S,1.0,0.8,1.0,0.8192686438560486,C
g06-E,1.0,0.8,1.0,0.1690828949213028,C
g06-S,1.0,1.0,0.0,0.6042080521583557,C
g07-E,1.0,1.0,0.0,0.5429632067680359,C
g07-S,1.0,0.6,0.0,0.5111719965934753,C
g08-E,1.0,0.2,0.0,0.5313854813575745,C
g08-S,0.5,0.6,1.0,0.5533332228660583,C
g09-E,0.5,0.6,0.0,0.5979905724525452,C
g09-S,1.0,0.8,0.0,0.5266860127449036,C
g10-E,1.0,0.4,1.0,0.5444450378417969,C
g10-S,1.0,0.2,0.0,0.7418932914733887,C
adv01,1.0,,,0.630833625793457,C
adv02,,,,,C
adv03,1.0,,,0.709668755531311,C
n01-E,1.0,0.4,0.0,0.34945058822631836,C
n01-S,1.0,1.0,0.0,0.2791053354740143,C
n02-E,1.0,0.8,0.0,0.7653201222419739,C
n02-S,1.0,0.8,0.0,0.8234961032867432,C
n03-E,0.5,1.0,1.0,0.5378084778785706,C
n03-S,1.0,1.0,1.0,0.6580755114555359,C
n04-E,1.0,1.0,0.0,0.4804084002971649,C
n04-S,1.0,1.0,1.0,0.11548201739788055,C
n05-E,1.0,1.0,0.0,0.710063099861145,C
n05-S,0.6666666666666666,1.0,0.0,0.4272273778915405,C
n06-E,1.0,0.8,0.0,0.6583530306816101,C
n06-S,1.0,1.0,1.0,0.6260553002357483,C
n07-E,1.0,0.6,0.0,0.29716792702674866,C
n07-S,1.0,0.8,0.0,0.32789960503578186,C
n08-E,0.8,1.0,1.0,0.563176155090332,C
n08-S,0.8,1.0,1.0,0.6317023634910583,C
n09-E,1.0,1.0,0.0,0.5716078281402588,C
n09-S,1.0,1.0,0.0,0.6380123496055603,C
n10-E,0.0,1.0,1.0,0.08868903666734695,C
n10-S,0.6666666666666666,1.0,0.0,0.6158995628356934,C
n11-E,1.0,1.0,0.0,0.2509295642375946,C
n11-S,1.0,1.0,0.0,0.37643763422966003,C
n12-E,1.0,0.8,1.0,0.7502814531326294,C
n12-S,1.0,0.8,1.0,0.7947834730148315,C
adv04,1.0,,,0.19681252539157867,C
adv05,0.4,,,0.8060673475265503,C
adv06,,,,,C
g01-E,1.0,1.0,1.0,0.37685340642929077,D
g01-S,1.0,1.0,1.0,0.6791607737541199,D
g02-E,1.0,0.8,1.0,0.8466864824295044,D
g03-E,0.5,0.8,1.0,0.45146965980529785,D
g03-S,1.0,1.0,0.0,0.7056525349617004,D
g04-E,1.0,1.0,0.0,0.5951268076896667,D
g04-S,1.0,1.0,0.0,0.5368897914886475,D
g05-E,1.0,0.6,0.0,0.5675358772277832,D
g05-S,1.0,1.0,1.0,0.7177147269248962,D
g06-E,1.0,0.8,0.0,0.1690828949213028,D
g06-S,1.0,1.0,0.0,0.5654255747795105,D
g07-E,1.0,1.0,0.0,0.6463499069213867,D
g07-S,1.0,1.0,1.0,0.4093291461467743,D
g08-E,0.5,0.6,0.0,0.5245190858840942,D
g08-S,1.0,0.8,1.0,0.4477069079875946,D
g09-E,,0.6,0.0,,D
g09-S,1.0,0.8,0.0,0.4523964822292328,D
g10-E,1.0,0.3333333333333333,1.0,0.5560158491134644,D
g10-S,1.0,0.6,0.0,0.5290201306343079,D
adv01,,,,,D
adv02,,,,,D
adv03,,,,,D
n01-E,1.0,0.6,0.0,0.4643705487251282,D
n01-S,1.0,1.0,1.0,0.4870920479297638,D
n02-E,1.0,0.6666666666666666,0.0,0.7407597899436951,D
n02-S,1.0,0.8,0.0,0.7957567572593689,D
n03-E,1.0,1.0,1.0,0.6941477060317993,D
n03-S,1.0,1.0,1.0,0.6832192540168762,D
n04-E,1.0,1.0,0.0,0.41740021109580994,D
n04-S,1.0,1.0,1.0,0.6710322499275208,D
n05-E,1.0,1.0,0.0,0.4746066629886627,D
n05-S,1.0,1.0,0.0,0.7051458954811096,D
n06-E,1.0,1.0,0.0,0.48172202706336975,D
n06-S,1.0,1.0,1.0,0.44916394352912903,D
n07-E,1.0,0.6,0.0,0.4629514217376709,D
n07-S,0.5,0.6,0.0,0.6213927268981934,D
n08-E,1.0,1.0,1.0,0.6565039753913879,D
n08-S,1.0,1.0,0.0,0.5536133646965027,D
n09-E,1.0,0.8,0.0,0.36186525225639343,D
n09-S,1.0,0.8,1.0,0.6323957443237305,D
n10-E,0.0,0.8,0.0,0.15611585974693298,D
n10-S,1.0,1.0,0.0,0.5657280087471008,D
n11-E,1.0,1.0,0.0,0.11671197414398193,D
n11-S,1.0,0.6,0.0,0.28405997157096863,D
n12-E,1.0,0.6666666666666666,1.0,0.7502814531326294,D
n12-S,1.0,0.8,1.0,0.7961000204086304,D
adv04,,,,,D
adv05,,,,,D
adv06,,,,,D
