query_id,product_id,query,product_title,text_a,text_b,label
30149,B008ZBNI46,cristal del frigorifico,"orbegozo nve 4500 b - nevera eléctrica, refrigeración termoeléctrica, sistema ""no frost"", patas ajustables, luz led interna, 70 w, 38 l, negro",query: cristal del frigorifico,"passage: orbegozo nve 4500 b - nevera eléctrica, refrigeración termoeléctrica, sistema ""no frost"", patas ajustables, luz led interna, 70 w, 38 l, negro",0
69426,B076611KCY,mini hifu facial,"60ml bio sérum facial con vitamina c, e, ácido hialurónico puro 100% orgánico.suero vegano con ingredientes antiedad, antiarrugas y antimanchas para cara y contorno de ojos. tambien para dermaroller",query: mini hifu facial,"passage: 60ml bio sérum facial con vitamina c, e, ácido hialurónico puro 100% orgánico.suero vegano con ingredientes antiedad, antiarrugas y antimanchas para cara y contorno de ojos. tambien para dermaroller",0
28502,B07YZP594R,conga,"create netbot s15 - robot aspirador y fregasuelos 4 en 1, mapeo navegación inteligente y app, barre, aspira, friega y pasa la mopa, especial mascotas, suelos duros y alfombras (negro-turquesa)",query: conga,"passage: create netbot s15 - robot aspirador y fregasuelos 4 en 1, mapeo navegación inteligente y app, barre, aspira, friega y pasa la mopa, especial mascotas, suelos duros y alfombras (negro-turquesa)",0
21274,B07ZS664L1,cafetera breville barista,solis barista perfetta plus 1170 cafetera express automática - máquina de café espresso - 15 bar - 1.7l - acero inoxidable - gris,query: cafetera breville barista,passage: solis barista perfetta plus 1170 cafetera express automática - máquina de café espresso - 15 bar - 1.7l - acero inoxidable - gris,0
24746,B07RPFPMTT,champu loreal sin sulfatos,"l'oreal professionnel champú absolut repair, 500 mililitros",query: champu loreal sin sulfatos,"passage: l'oreal professionnel champú absolut repair, 500 mililitros",0
3201,B07RY73LBS,2g nano sin 8gb memory,"oneplus 7 pro mirror grey 6gb+128gb eu gm1913, otra versión europea",query: 2g nano sin 8gb memory,"passage: oneplus 7 pro mirror grey 6gb+128gb eu gm1913, otra versión europea",0
1572,B000BCC0LO,10gbe switch,"d-link dgs-108 - switch de red (8 puertos gigabit rj-45, 10/100/1000 mbps, chasis metálico, igmp snooping, autosensing, priorización de tráfico qos 802.1p) color negro",query: 10gbe switch,"passage: d-link dgs-108 - switch de red (8 puertos gigabit rj-45, 10/100/1000 mbps, chasis metálico, igmp snooping, autosensing, priorización de tráfico qos 802.1p) color negro",0
38333,B00FGX1BUY,estufas de pellets baratas,"orbegozo hbf 90 estufa de butano, triple sistema de seguridad, llama azul, 4200 w, metal, negro/gris",query: estufas de pellets baratas,"passage: orbegozo hbf 90 estufa de butano, triple sistema de seguridad, llama azul, 4200 w, metal, negro/gris",0
60544,B017IT8KZC,lbn parabolica,"tecatel illusion - lnb + 1 conector, gris",query: lbn parabolica,"passage: tecatel illusion - lnb + 1 conector, gris",0
102946,B01N1MNL1A,thule velocompact 925,"thule easyfold xt 2, portabicicletas para bola de remolque totalmente plegable, compacto, para todo tipo de bicicletas.",query: thule velocompact 925,"passage: thule easyfold xt 2, portabicicletas para bola de remolque totalmente plegable, compacto, para todo tipo de bicicletas.",0
84843,B09B1ZDVK6,qnap tvs,phs-memory 8gb ram módulo adecuado/adecuada para qnap tvs-672x-i3-8g ddr4 so dimm 2400mhz pc4-2400t-s,query: qnap tvs,passage: phs-memory 8gb ram módulo adecuado/adecuada para qnap tvs-672x-i3-8g ddr4 so dimm 2400mhz pc4-2400t-s,0
72139,B00K672EO2,namiki fountain pen,"kurtzy set de pluma estilografica estilo antiguo pluma de latón y madera, frascos de tinta y plumillas (19 piezas) - pluma escribir perfecta para estudiantes - set caligrafia creativa",query: namiki fountain pen,"passage: kurtzy set de pluma estilografica estilo antiguo pluma de latón y madera, frascos de tinta y plumillas (19 piezas) - pluma escribir perfecta para estudiantes - set caligrafia creativa",0
77308,B097N7VDLP,pajaro sin hogar,obra de arte para el hogar 40x60 cm 3 piezas sin marco abstracto dorado nieve montaña pájaro paisaje cartel pared arte lienzo pintura impresión imagen para sala de estar decoración del hogar,query: pajaro sin hogar,passage: obra de arte para el hogar 40x60 cm 3 piezas sin marco abstracto dorado nieve montaña pájaro paisaje cartel pared arte lienzo pintura impresión imagen para sala de estar decoración del hogar,0
18096,B08JX1C8CY,bolsa blanca papel,"fayunet- 100 bolsas de papel kraft, bolsa regalos,chuches,boda comunion,bocadillo,bolsitas para guardar mascarillas, sobres regalo bocadillos (120 x 210mm(100pcs))",query: bolsa blanca papel,"passage: fayunet- 100 bolsas de papel kraft, bolsa regalos,chuches,boda comunion,bocadillo,bolsitas para guardar mascarillas, sobres regalo bocadillos (120 x 210mm(100pcs))",0
100748,B07ZR67N9Z,tarjeta de red,"adaptador usb c a ethernet, tipo c a tarjeta de red gigabit ethernet 1000 mbp adaptador lan ethernet compatible con windows, google chromebook, macbook, samsung, hp, huawei matebook, dell",query: tarjeta de red,"passage: adaptador usb c a ethernet, tipo c a tarjeta de red gigabit ethernet 1000 mbp adaptador lan ethernet compatible con windows, google chromebook, macbook, samsung, hp, huawei matebook, dell",0
21153,B01F9RGF0M,cable iphone original apple,"amazon basics - cable conector usb a lightning (nailon trenzado, certificado por apple, 0,9 m), color plateado",query: cable iphone original apple,"passage: amazon basics - cable conector usb a lightning (nailon trenzado, certificado por apple, 0,9 m), color plateado",0
79268,B000PE4OVM,petanca niños 2 años,"gico juego de petanca de madera maciza, 8 bolas, diámetro 7 cm - 3011",query: petanca niños 2 años,"passage: gico juego de petanca de madera maciza, 8 bolas, diámetro 7 cm - 3011",0
1164,B07Z1RN1Z1,10 bolsas plastico transparente sin autocierre,latern 400 piezas bolsas de celofán transparente bolsas de tratamiento de sellado autoadhesivas bolsa de plástico opp (3 x 5 pulgadas),query: 10 bolsas plastico transparente sin autocierre,passage: latern 400 piezas bolsas de celofán transparente bolsas de tratamiento de sellado autoadhesivas bolsa de plástico opp (3 x 5 pulgadas),0
87467,B07RHWTYT6,rf 50mm 1.8,"canon rf 85mm f/1,2l usm objetivo (abertura máxima de f1.2, blue spectrum refractive, air sphere coating, anillo de control)",query: rf 50mm 1.8,"passage: canon rf 85mm f/1,2l usm objetivo (abertura máxima de f1.2, blue spectrum refractive, air sphere coating, anillo de control)",0
101356,B07XVL338B,television samsung 32 pulgadas smart tv,"televisor led 32 pulgadas hd, td systems k32dlx9h. resolución 1366 x 768, 3x hdmi, vga, usb reproductor y grabador.",query: television samsung 32 pulgadas smart tv,"passage: televisor led 32 pulgadas hd, td systems k32dlx9h. resolución 1366 x 768, 3x hdmi, vga, usb reproductor y grabador.",0
9536,B0991Y5WL6,aparador nordico blanco y madera,homcom estantería para libros librería de madera con 7 compartimentos de almacenaje plantas archivos para sala de estar dormitorio oficina 50x24x106 cm blanco,query: aparador nordico blanco y madera,passage: homcom estantería para libros librería de madera con 7 compartimentos de almacenaje plantas archivos para sala de estar dormitorio oficina 50x24x106 cm blanco,0
115575,B00EUFTT62,zeiss,"sony sel-1670 vario-tesslar t* e za oss - objetivo para sony/minolta (distancia focal 16-70mm, apertura f/4, estabilizador de imagen) color negro",query: zeiss,"passage: sony sel-1670 vario-tesslar t* e za oss - objetivo para sony/minolta (distancia focal 16-70mm, apertura f/4, estabilizador de imagen) color negro",0
76192,B07TYF59N4,organizador frigorífico latas,"kichly - juego de 6 organizador de despensa (1 bandeja para huevos y 5 compartimentos organizadores) - organizadores para nevera, cocina, armarios y encimeras (transparente) - sin bpa",query: organizador frigorífico latas,"passage: kichly - juego de 6 organizador de despensa (1 bandeja para huevos y 5 compartimentos organizadores) - organizadores para nevera, cocina, armarios y encimeras (transparente) - sin bpa",0
30578,B07D6P9XB1,cubre maletero mitsubishi montero,upgrade4cars fundas asientos coche negras poli-piel | funda asiento para delantero & trasero | accesorios coches interior decoracion,query: cubre maletero mitsubishi montero,passage: upgrade4cars fundas asientos coche negras poli-piel | funda asiento para delantero & trasero | accesorios coches interior decoracion,0
2656,B072BJVVJP,2 ruedas sin manillar,chicos - correpasillos con cuatro ruedas mini custom fucsia (la fábrica de juguetes 36007),query: 2 ruedas sin manillar,passage: chicos - correpasillos con cuatro ruedas mini custom fucsia (la fábrica de juguetes 36007),0
13148,B078SVSLVK,barbie chelsea caballos,"barbie chelsea muñeca morena, juguetes +3 años (mattel frl81)",query: barbie chelsea caballos,"passage: barbie chelsea muñeca morena, juguetes +3 años (mattel frl81)",0
101290,B08HXQPZP2,tela harry potter por metros,"tela algodon telas patchwork, eamoil 8 piezas 50 cm x 50 cm diy tela de algodón de dibujos animados de algodón para patchwork acolchado almohadas cojín",query: tela harry potter por metros,"passage: tela algodon telas patchwork, eamoil 8 piezas 50 cm x 50 cm diy tela de algodón de dibujos animados de algodón para patchwork acolchado almohadas cojín",0
30551,B07L9S578B,cuberterías 113 piezas,"zwilling set de cubiertos, 60 piezas, para 12 personas, acero inoxidable 18/10 acero de hoja de alta calidad, mate/pulido, roseland",query: cuberterías 113 piezas,"passage: zwilling set de cubiertos, 60 piezas, para 12 personas, acero inoxidable 18/10 acero de hoja de alta calidad, mate/pulido, roseland",0
91547,B07MZRM8T7,seguridad ordenador,kaisi torx destornillador t3 t4 t5 t6 t8 t9 t10 t15 seguridad torx drivers destornilladores magnéticos kit de reparación de precisión para xbox ps4 anillo timbre macbook ordenador,query: seguridad ordenador,passage: kaisi torx destornillador t3 t4 t5 t6 t8 t9 t10 t15 seguridad torx drivers destornilladores magnéticos kit de reparación de precisión para xbox ps4 anillo timbre macbook ordenador,0
105199,B07HRJ9L22,trenza colores con goma,"pascua de resurrección cabello lavables para niños,emooqi tizas para el pelo tiza de pelo temporal para niños para la edad 4 5 6 plus girls boys,10 tizas y 2 brillos, regalos para el carnaval festival",query: trenza colores con goma,"passage: pascua de resurrección cabello lavables para niños,emooqi tizas para el pelo tiza de pelo temporal para niños para la edad 4 5 6 plus girls boys,10 tizas y 2 brillos, regalos para el carnaval festival",0
50823,B01NBDYYAZ,hojas de dibujo profesional,"mp - block de dibujo, tamaño a4, 80 hojas de 110gr - 29.7x21 cm",query: hojas de dibujo profesional,"passage: mp - block de dibujo, tamaño a4, 80 hojas de 110gr - 29.7x21 cm",0
15454,B09FFDDQX6,bicicleta montaña pulgadas 27,"bicicletas de montaña bicicleta de montaña de 26 pulgadas,bicicleta de ciudad offroad de 27 velocidades con horquilla de suspensión con bloqueo,bicicleta de montaña con doble freno d(color:rojo negro)",query: bicicleta montaña pulgadas 27,"passage: bicicletas de montaña bicicleta de montaña de 26 pulgadas,bicicleta de ciudad offroad de 27 velocidades con horquilla de suspensión con bloqueo,bicicleta de montaña con doble freno d(color:rojo negro)",0
112278,B002EP7WX2,wisky macallan,the dalmore 12 años - whisky de malta escocés - 700 ml,query: wisky macallan,passage: the dalmore 12 años - whisky de malta escocés - 700 ml,0
78682,B00HFC7O14,peluches oso panda gigantes,"lumaland oso de peluche gigante teddy bear xxl - peluche grande amoroso con ojos de botón de 120 cm - regalo original para novios / san valentín - suave, resistente y cariñoso - marrón",query: peluches oso panda gigantes,"passage: lumaland oso de peluche gigante teddy bear xxl - peluche grande amoroso con ojos de botón de 120 cm - regalo original para novios / san valentín - suave, resistente y cariñoso - marrón",0
29190,B07L3LDSLD,correa para el cuello ajustable para guitarra,"wuudi 41“ bolsa de guitarra,funda de guitarra impermeable, con doble correa ajustable para el hombro, estuche de guitarra, negro",query: correa para el cuello ajustable para guitarra,"passage: wuudi 41“ bolsa de guitarra,funda de guitarra impermeable, con doble correa ajustable para el hombro, estuche de guitarra, negro",0
21978,B00V4OB0HI,camiseta hombre termica interior,"dim eco dim pack 3 camisetas para hombre, blanco, s",query: camiseta hombre termica interior,"passage: dim eco dim pack 3 camisetas para hombre, blanco, s",0
32581,8484322246,desigualdad wilkinson,las desigualdades perjudican,query: desigualdad wilkinson,passage: las desigualdades perjudican,0
93391,B074MJ3GJG,silla de escritorio sin brazos,"la silla española ribadeo silla de oficina sin reposacabezas, poliéster y rejilla, negro, 61x58x89 cm",query: silla de escritorio sin brazos,"passage: la silla española ribadeo silla de oficina sin reposacabezas, poliéster y rejilla, negro, 61x58x89 cm",0
10742,B07VS1NQYC,aspiradoras dyson,"cecotec aspirado conga rockstar 100 vital, aspirador sin cables 3 en 1: vertical, escoba y de mano, con motor digital brushless, 320w de potencia y 20 kpa, hasta 50 min de autonomía",query: aspiradoras dyson,"passage: cecotec aspirado conga rockstar 100 vital, aspirador sin cables 3 en 1: vertical, escoba y de mano, con motor digital brushless, 320w de potencia y 20 kpa, hasta 50 min de autonomía",0
42583,B07FGFHTG8,fresadora madera cnc,"afunta juego de 12 molinillos de corte de carburo para fresadora de punta fina, 4 piezas de 1/8 pulgadas cnc de doble flauta + 8 piezas 1 cortador de flauta de un solo borde para nailon",query: fresadora madera cnc,"passage: afunta juego de 12 molinillos de corte de carburo para fresadora de punta fina, 4 piezas de 1/8 pulgadas cnc de doble flauta + 8 piezas 1 cortador de flauta de un solo borde para nailon",0
1367,B07PHDXBG8,100 %algodon sin elastico,falary calcetines mujer hombre 10 pares cortos calcetines invisibles tobillero algodon silicona antideslizante verano-grisnegro-3538,query: 100 %algodon sin elastico,passage: falary calcetines mujer hombre 10 pares cortos calcetines invisibles tobillero algodon silicona antideslizante verano-grisnegro-3538,0
49751,B07GDR2PH9,headphones bluetooth bose 700,"sony wh1000xm3 - auriculares inalámbricos noise cancelling (bluetooth, compatible con alexa y google assistant, 30h de batería, óptimo para trabajar en casa, llamadas manos libres), plata",query: headphones bluetooth bose 700,"passage: sony wh1000xm3 - auriculares inalámbricos noise cancelling (bluetooth, compatible con alexa y google assistant, 30h de batería, óptimo para trabajar en casa, llamadas manos libres), plata",0
43391,B094PYPY12,fundas fitbit versa 3,"fengyiyuda nylon correa compatible con fitbit versa 2/versa/versa lite/versa se,elástico bandas suaves para relojes inteligentes, seporte hebillas ajustables,correas de repuesto,green arrow",query: fundas fitbit versa 3,"passage: fengyiyuda nylon correa compatible con fitbit versa 2/versa/versa lite/versa se,elástico bandas suaves para relojes inteligentes, seporte hebillas ajustables,correas de repuesto,green arrow",0
32361,B07RN2XNK1,denon dra-800h,"denon avrx2500 - receptor av para componentes de audio y vídeo, color negro",query: denon dra-800h,"passage: denon avrx2500 - receptor av para componentes de audio y vídeo, color negro",0
43309,B08NVGP188,funda para sofa cama sin brazos,"e ebeta cubiertas de sofá, funda de sofá 3 plaza + 3 fundas de cojín, tejido jacquard de poliéster y elastano, tunez funda sofá (gris oscuro, 3 plazas)",query: funda para sofa cama sin brazos,"passage: e ebeta cubiertas de sofá, funda de sofá 3 plaza + 3 fundas de cojín, tejido jacquard de poliéster y elastano, tunez funda sofá (gris oscuro, 3 plazas)",0
46619,B07H4Y9PG7,golf watch,"huawei watch gt sport - reloj (trusleep, gps, monitoreo del ritmo cardiaco), negro",query: golf watch,"passage: huawei watch gt sport - reloj (trusleep, gps, monitoreo del ritmo cardiaco), negro",0
82548,B094R8C84P,portatil con ssd y hdd,"lenovo ideapad 5 - ordenador portátil 15.6"" fullhd (intel core i7-1165g7, 16gb de ram, 512gb ssd, intel iris xe graphics, sin sistema operativo) gris - teclado qwerty español",query: portatil con ssd y hdd,"passage: lenovo ideapad 5 - ordenador portátil 15.6"" fullhd (intel core i7-1165g7, 16gb de ram, 512gb ssd, intel iris xe graphics, sin sistema operativo) gris - teclado qwerty español",0
280,B079J3131K,- iris & lilly sujetador sin tirantes,"marca amazon - iris & lilly sujetador sin aros con relleno mujer, beige (sand dollar), 95c, label: 36c",query: - iris & lilly sujetador sin tirantes,"passage: marca amazon - iris & lilly sujetador sin aros con relleno mujer, beige (sand dollar), 95c, label: 36c",0
39624,B07LBSRFN6,farmalastic sin puntera,"calzitaly medias con la punta abierta con compression graduada fuerte 18-22 mm/hg | s, m, l, xl | natural, negro | 140 den | made in italy (natural, s)",query: farmalastic sin puntera,"passage: calzitaly medias con la punta abierta con compression graduada fuerte 18-22 mm/hg | s, m, l, xl | natural, negro | 140 den | made in italy (natural, s)",0
78935,B01G4WDLPS,peque baby lucas,"vtech-80-186322 divertido girador interactivo, multicolor (3480-186322)",query: peque baby lucas,"passage: vtech-80-186322 divertido girador interactivo, multicolor (3480-186322)",0
71322,B092PPC6RW,msi sobremesa gaming,"beelink mini pc gk mini with intel j4125 procesador windows 10, 8g lpddr4 /256g ssd mini computadora, 4k uhd, 2.4g / 5g dual wifi, bt4.0, puertos duales hdmi, mini computadora de escritorio",query: msi sobremesa gaming,"passage: beelink mini pc gk mini with intel j4125 procesador windows 10, 8g lpddr4 /256g ssd mini computadora, 4k uhd, 2.4g / 5g dual wifi, bt4.0, puertos duales hdmi, mini computadora de escritorio",0
84216,B07HYW6MWW,pulseras rolex,pulsera viceroy fashion acero y piel trenzada para hombre 75068p01011,query: pulseras rolex,passage: pulsera viceroy fashion acero y piel trenzada para hombre 75068p01011,0
10674,B089TQDMJP,asics patriot niño,"asics jolt 3, road running shoe hombre, french blue/digital aqua, 42 eu",query: asics patriot niño,"passage: asics jolt 3, road running shoe hombre, french blue/digital aqua, 42 eu",0
26239,B07HQVT3WN,chándal nike,"nike m nk rpl acdmy jkt sport jacket, hombre, black/white/(white), xl",query: chándal nike,"passage: nike m nk rpl acdmy jkt sport jacket, hombre, black/white/(white), xl",0
60837,B01HTBVQSM,leche omega 3,"president leche desnatada, 6 x 1l",query: leche omega 3,"passage: president leche desnatada, 6 x 1l",0
92149,B078K3YWN3,sh figuarts,"bandai- figura articulada, manga, anime, multicolor (tamashii nations bdidb208778)",query: sh figuarts,"passage: bandai- figura articulada, manga, anime, multicolor (tamashii nations bdidb208778)",0
98952,B00OQB95JG,suelo de tarima,conjunto de montaje de suelo laminado marca unika,query: suelo de tarima,passage: conjunto de montaje de suelo laminado marca unika,0
22138,B0847S87XQ,camper runner up,"camper tws, zapatillas mujer, multi/assorted, 40 eu",query: camper runner up,"passage: camper tws, zapatillas mujer, multi/assorted, 40 eu",0
51803,B0987H5YFS,hr matic,"patabit mando garaje universal | mando puerta garaje universal de 4 canales, 433 mhz. copia todos los mandos originales de código fijo. frecuencia 433,92 mhz. no copie los códigos variable.",query: hr matic,"passage: patabit mando garaje universal | mando puerta garaje universal de 4 canales, 433 mhz. copia todos los mandos originales de código fijo. frecuencia 433,92 mhz. no copie los códigos variable.",0
66994,B079NLDWKR,melagyn gel hidratante interno con aplicador,"leilui gel contra la candidiasis genital 50 ml: gel desinfectante antibacteriano para una higiene íntima, efectivo para la picazón íntima, sequedad vaginal, fisuras anales",query: melagyn gel hidratante interno con aplicador,"passage: leilui gel contra la candidiasis genital 50 ml: gel desinfectante antibacteriano para una higiene íntima, efectivo para la picazón íntima, sequedad vaginal, fisuras anales",0
75896,B01BWVD02K,oral b calm pasta de dientes,"colgate sensation white pasta de dientes, 75ml",query: oral b calm pasta de dientes,"passage: colgate sensation white pasta de dientes, 75ml",0
36929,8417860797,el mundo sin nosotros,el infinito en un junco: la invención de los libros en el mundo antiguo: 105 (biblioteca de ensayo / serie mayor),query: el mundo sin nosotros,passage: el infinito en un junco: la invención de los libros en el mundo antiguo: 105 (biblioteca de ensayo / serie mayor),0
97792,B075NS2JP3,statement necklace,"bjb - collar muy extenso de 152,4 cm con piedras semipreciosas y un acabado mate",query: statement necklace,"passage: bjb - collar muy extenso de 152,4 cm con piedras semipreciosas y un acabado mate",0
15007,B007NJIQCU,bernina chicago 7,"singer quantum stylist 9960 - máquina de coser computarizada, 600 programas, color blanco",query: bernina chicago 7,"passage: singer quantum stylist 9960 - máquina de coser computarizada, 600 programas, color blanco",0
68848,B00CIUC5IU,microondas sin grill,"candy smart cmg2071ds, microondas con grill, 20l, digital, temporizador, 6 niveles potencia, 9 programas automáticos, plato giratorio 24,5cm, express cooking, 700w/900w, silver",query: microondas sin grill,"passage: candy smart cmg2071ds, microondas con grill, 20l, digital, temporizador, 6 niveles potencia, 9 programas automáticos, plato giratorio 24,5cm, express cooking, 700w/900w, silver",0
39981,B08CDT363B,fender telecaster,cahaya bolsa guitarra electrica acolchada 6mm funda para guitarra electrica para libros de música y accesorios con diseño reflectante,query: fender telecaster,passage: cahaya bolsa guitarra electrica acolchada 6mm funda para guitarra electrica para libros de música y accesorios con diseño reflectante,0
94560,B0874VX9H5,slush puppie machine,"vevor exprimidor de naranjas, 2000e-2x,máquina automática comercial de acero inoxidable,120 w,exprimidor electrico de naranjas44 kg maquinas de zumo de naranja, 50.8x50.8x88.9cm",query: slush puppie machine,"passage: vevor exprimidor de naranjas, 2000e-2x,máquina automática comercial de acero inoxidable,120 w,exprimidor electrico de naranjas44 kg maquinas de zumo de naranja, 50.8x50.8x88.9cm",0
56263,B07J1P31ZC,jomasi,gaveta apilable 52/236. lote 15 unidades,query: jomasi,passage: gaveta apilable 52/236. lote 15 unidades,0
9463,8430563075,antigua roma para niños,busca en egipto,query: antigua roma para niños,passage: busca en egipto,0
65557,B09FC9Y5KB,mantenerse activo,sopa de letras de la biblia: 101 rompecabezas para personas mayores y adultos. un regalo perfecto para mantener la mente activa y alimentarla con pensamientos positivos.,query: mantenerse activo,passage: sopa de letras de la biblia: 101 rompecabezas para personas mayores y adultos. un regalo perfecto para mantener la mente activa y alimentarla con pensamientos positivos.,0
105215,B00EUPZZ38,trhumaster t300 rs,thrustmaster tx racing wheel ferrari 458 italia edition - volante - xboxone / pc - force feedback - licencia oficial ferrari y xbox,query: trhumaster t300 rs,passage: thrustmaster tx racing wheel ferrari 458 italia edition - volante - xboxone / pc - force feedback - licencia oficial ferrari y xbox,0
93426,B019E9UJO4,sillas de escritorio sin ruedas,"venta stock confort 2 - sillón de oficina elevable y reclinable, piel sintética, color blanco",query: sillas de escritorio sin ruedas,"passage: venta stock confort 2 - sillón de oficina elevable y reclinable, piel sintética, color blanco",0
77990,8415317476,pasta fresca sin gluten,"cocina del mundo. pastas, hojaldres, brioches y otras masas",query: pasta fresca sin gluten,"passage: cocina del mundo. pastas, hojaldres, brioches y otras masas",0
32072,B07XD23SMT,decrafts,erh adornos estatuas decoraciones estatuilla escultura mini lindo 2 unids/set miniatura adorno muñeca miniatura metal puerta cerradura aldaba hardware llave diy decrafts regalos,query: decrafts,passage: erh adornos estatuas decoraciones estatuilla escultura mini lindo 2 unids/set miniatura adorno muñeca miniatura metal puerta cerradura aldaba hardware llave diy decrafts regalos,0
78024,B07L48DYBC,pastillas cloro piscina pequeña intex,"gre fdp250 - dosificador flotante para piscinas, para pastillas de 200 - 250 g",query: pastillas cloro piscina pequeña intex,"passage: gre fdp250 - dosificador flotante para piscinas, para pastillas de 200 - 250 g",0
24753,B06Y3X94PM,champu silver schwarzkopf,l'oreal silver shampoo 1500 ml 1 unidad 1500 ml,query: champu silver schwarzkopf,passage: l'oreal silver shampoo 1500 ml 1 unidad 1500 ml,0
36902,B08DBZDHKQ,el hombre mas rico de babilonia,todo empieza en ti,query: el hombre mas rico de babilonia,passage: todo empieza en ti,0
88163,B07Q9KDSKK,rodilleras niño,"17 piezas parches de planchado para videojuegos de super mario bros, parches bordados, parches para coser en ropa, chaquetas, mochilas, vaqueros",query: rodilleras niño,"passage: 17 piezas parches de planchado para videojuegos de super mario bros, parches bordados, parches para coser en ropa, chaquetas, mochilas, vaqueros",0
100898,B07JW1M8D5,taza sin asa,"paw patrol 864626 taza microondas 350ml patrulla canina 'comic' (18904), no aplica, rojo",query: taza sin asa,"passage: paw patrol 864626 taza microondas 350ml patrulla canina 'comic' (18904), no aplica, rojo",0
52068,B07F877X29,humus garbanzos,tahini pasta sésamo 100% - 454gr,query: humus garbanzos,passage: tahini pasta sésamo 100% - 454gr,0
71075,B011HMDZ0Q,mouse razer deathadder,"rat&oacute;n para juegos de pc redragon m602&nbsp;nemeanlion 3000&nbsp;dpi usb, 7&nbsp;botones, retroiluminaci&oacute;n led de 7 colores",query: mouse razer deathadder,"passage: rat&oacute;n para juegos de pc redragon m602&nbsp;nemeanlion 3000&nbsp;dpi usb, 7&nbsp;botones, retroiluminaci&oacute;n led de 7 colores",0
280,B06XKZY2N4,- iris & lilly sujetador sin tirantes,delimira - sujetador sin tirantes tallas grandes push up de silicona para mujer negro 100d,query: - iris & lilly sujetador sin tirantes,passage: delimira - sujetador sin tirantes tallas grandes push up de silicona para mujer negro 100d,0
80513,B0064OFW22,piruletas sin azucar,"chupa chups original, caramelo con palo de sabores variados, display de 50 unidades de 12 gr. (total 600 gr.)",query: piruletas sin azucar,"passage: chupa chups original, caramelo con palo de sabores variados, display de 50 unidades de 12 gr. (total 600 gr.)",0
69503,B07QPMLTVZ,mini recipientes acero,"flintronic taza de viaje, termo taza 500ml travel mug, frasco de vacío de acero inoxidable, pantalla led táctil inteligente con temperatura, térmica de doble pared, aislado al vacío - color negro",query: mini recipientes acero,"passage: flintronic taza de viaje, termo taza 500ml travel mug, frasco de vacío de acero inoxidable, pantalla led táctil inteligente con temperatura, térmica de doble pared, aislado al vacío - color negro",0
40086,B09DD8SYZL,fiambrera infantil sin bpa,"skyline cantimplora infantil 500 ml, botella aluminio para niños, térmica, con tapa hermética, sin bpa, para llevar a la escuela, parque, deportes etc",query: fiambrera infantil sin bpa,"passage: skyline cantimplora infantil 500 ml, botella aluminio para niños, térmica, con tapa hermética, sin bpa, para llevar a la escuela, parque, deportes etc",0
24773,B076HQXKFQ,chandal algodon hombre completo sin capucha,"adidas core18 tr top sudadera, hombre, power red/white, 2xl",query: chandal algodon hombre completo sin capucha,"passage: adidas core18 tr top sudadera, hombre, power red/white, 2xl",0
71548,B07Z525TBT,multifunções musculación,"oudort bandas elásticas musculacion, set de 4 1.8m bandas de resistencia fitness sin látex con anclaje puerta para hombre, mujer, ejercicios de musculares, glúteos, piernas, fémur y yoga en casa y gym",query: multifunções musculación,"passage: oudort bandas elásticas musculacion, set de 4 1.8m bandas de resistencia fitness sin látex con anclaje puerta para hombre, mujer, ejercicios de musculares, glúteos, piernas, fémur y yoga en casa y gym",0
64199,B087CB8V1R,lumatek 600w,the jungle - luminaria led the jackson 250w con espectro completo para cultivo indoor - fabricado en españa (250w),query: lumatek 600w,passage: the jungle - luminaria led the jackson 250w con espectro completo para cultivo indoor - fabricado en españa (250w),0
38014,B01GCWD1KU,escaner 3 d,xyzprinting 3f1asxeu01k impresora 3d da vinci 1.0 pro 3-en-1 printer,query: escaner 3 d,passage: xyzprinting 3f1asxeu01k impresora 3d da vinci 1.0 pro 3-en-1 printer,0
62496,B091N9D75C,lija chalk paint,chalk paint oliva 750 ml - sin cartar colorea fácilmente todos los materiales,query: lija chalk paint,passage: chalk paint oliva 750 ml - sin cartar colorea fácilmente todos los materiales,0
13533,B075MBDL7D,bateria apple watch 1 42mm,"choetech cargador inalámbrico, qi wireless charger [2 pack]",query: bateria apple watch 1 42mm,"passage: choetech cargador inalámbrico, qi wireless charger [2 pack]",0
81339,B07SRD5GGF,playstation now,fifa 20 - edición estándar (ps4),query: playstation now,passage: fifa 20 - edición estándar (ps4),0
21713,B077MKVS77,calzado seguridad,"puma viz runner, zapatillas de running hombre, negro black white, 44 eu",query: calzado seguridad,"passage: puma viz runner, zapatillas de running hombre, negro black white, 44 eu",0
51712,B08CRFM1VK,hp ips,"hp v24i - monitor de 23.8"" fhd (16:9, 1920 x 1080, 60 hz, 5 ms, 1 x hdmi 1.4, 1 x vga) negro",query: hp ips,"passage: hp v24i - monitor de 23.8"" fhd (16:9, 1920 x 1080, 60 hz, 5 ms, 1 x hdmi 1.4, 1 x vga) negro",0
82061,B07YG3J4XH,poncho blanco mujer,cnfio mujeres cárdigans chaqueta de punto jersey de suelta punto frente abierto,query: poncho blanco mujer,passage: cnfio mujeres cárdigans chaqueta de punto jersey de suelta punto frente abierto,0
62760,B093BQRNMR,lip maximizer,"2pcs brillo para labios,bálsamo de labios,lip plumper,relleno labial natural, juego de rellenos contiene brillo labial diurno ynocturno,para labios llenos e hidratados dar volumen,hidratar",query: lip maximizer,"passage: 2pcs brillo para labios,bálsamo de labios,lip plumper,relleno labial natural, juego de rellenos contiene brillo labial diurno ynocturno,para labios llenos e hidratados dar volumen,hidratar",0
114385,B07DG9MW95,xiaomi laser projector 4k,"mi laser project 150"" white",query: xiaomi laser projector 4k,"passage: mi laser project 150"" white",0
2698,B08RNBR2VT,2 walkie talkie sin presionar botón,"walkie talkie para niños 16 canales con cordones y pegatinas, walkie talkie niños con linterna para exteriores y camping, juguetes para niños mayores de 3 años, regalos para niños y niñas",query: 2 walkie talkie sin presionar botón,"passage: walkie talkie para niños 16 canales con cordones y pegatinas, walkie talkie niños con linterna para exteriores y camping, juguetes para niños mayores de 3 años, regalos para niños y niñas",0
18051,B07VJHKFRD,boina militar ejercito,lopily gorra moda al aire libre unisex casual algodón soldado sombrero de mezclilla visera gorra militar transpirable sencillo gorra plana para hombre ajustable sombrero sombrero de camping(verde),query: boina militar ejercito,passage: lopily gorra moda al aire libre unisex casual algodón soldado sombrero de mezclilla visera gorra militar transpirable sencillo gorra plana para hombre ajustable sombrero sombrero de camping(verde),0
43188,B08X3LTV6R,funda blanca apple iphone x,"kkm vidrio templado funda con protector de pantalla incorporado y protector de lentes de cámara para iphone 12 pro max 6.7 pulgadas, compatible con cargador de magnético carcasa cover - negro",query: funda blanca apple iphone x,"passage: kkm vidrio templado funda con protector de pantalla incorporado y protector de lentes de cámara para iphone 12 pro max 6.7 pulgadas, compatible con cargador de magnético carcasa cover - negro",0
75610,B00C65XY64,one direction cojin,"imc toys 12035 - cojín con accesorios (estuche, cuaderno, bolígrafo, libreta de notas y conector mp3), diseño de one direction",query: one direction cojin,"passage: imc toys 12035 - cojín con accesorios (estuche, cuaderno, bolígrafo, libreta de notas y conector mp3), diseño de one direction",1
38312,B07FS5WKFJ,estuches marmol,ruikey bolsa para lápices mármol estuche escolar creativa de gran capacidad cartera bolsa de cosméticos conveniente para los estudiantes jóvenes(you're special),query: estuches marmol,passage: ruikey bolsa para lápices mármol estuche escolar creativa de gran capacidad cartera bolsa de cosméticos conveniente para los estudiantes jóvenes(you're special),1
69277,B09BVRNC92,minero bitcoin,"minero asic bitcoin whatsminer bitcoin miner m30s + algoritmo 100th sha-256 el whatsminer m30s + be segunda mano tiene una gran potencia de cálculo, prueba profesional",query: minero bitcoin,"passage: minero asic bitcoin whatsminer bitcoin miner m30s + algoritmo 100th sha-256 el whatsminer m30s + be segunda mano tiene una gran potencia de cálculo, prueba profesional",1
43430,B00XJDN11U,fundas plastico a3,westfolio dppa3 a3 mangas de pantalla (pack de 20),query: fundas plastico a3,passage: westfolio dppa3 a3 mangas de pantalla (pack de 20),1
23520,B07J324ZCP,cascos marshall bluetooth,"marshall minor ii bluetooth - auriculares bluetooth, color negro",query: cascos marshall bluetooth,"passage: marshall minor ii bluetooth - auriculares bluetooth, color negro",1
8349,B07N1DPZT8,altavoz bluetooth,"onforu altavoz portátil bluetooth bicicleta, speaker inalámbrico bici con sonido estéreo, bluetooth 5.0 y 10 horas de reproducción ip65 impemeable, mini altavoz para deporte ciclismo al aire libre",query: altavoz bluetooth,"passage: onforu altavoz portátil bluetooth bicicleta, speaker inalámbrico bici con sonido estéreo, bluetooth 5.0 y 10 horas de reproducción ip65 impemeable, mini altavoz para deporte ciclismo al aire libre",1
6032,B0081Y9LKC,aanillos con solitario,"elli anillos solitario para mujer con piedra lunar en color pastel, de plata de ley 925",query: aanillos con solitario,"passage: elli anillos solitario para mujer con piedra lunar en color pastel, de plata de ley 925",1
29183,B086PVK773,correa esterilla yoga,esterilla de yoga cinturón de correa correa deportiva ajustable hombro correa de transporte cinturón ejercicio estiramiento fitness cinturón de yoga elástico,query: correa esterilla yoga,passage: esterilla de yoga cinturón de correa correa deportiva ajustable hombro correa de transporte cinturón ejercicio estiramiento fitness cinturón de yoga elástico,1
56262,B00HXBVXSW,joma niño,"joma estadio - pantalón largo deportivo para niños de 14 años, color azul marino",query: joma niño,"passage: joma estadio - pantalón largo deportivo para niños de 14 años, color azul marino",1
24495,B098DGVM8G,cesto plegable jardin,"bolsa de jardinería con hebilla de liberación de 10 galones, contenedor plegable de hoja de basura, contenedor de jardinería, contenedor de malezas, bolsas de basura de jardín (verde)",query: cesto plegable jardin,"passage: bolsa de jardinería con hebilla de liberación de 10 galones, contenedor plegable de hoja de basura, contenedor de jardinería, contenedor de malezas, bolsas de basura de jardín (verde)",1
9541,B07X48T5L9,aparato corrientes fisioterapia,"moonssy electroestimulador muscular, masajeador y estimulador de pulsos tens/ems, reduce dolor de espalda, cuello, codo, hombro, nervio, pantalla lcd, 2 canales",query: aparato corrientes fisioterapia,"passage: moonssy electroestimulador muscular, masajeador y estimulador de pulsos tens/ems, reduce dolor de espalda, cuello, codo, hombro, nervio, pantalla lcd, 2 canales",1
68601,B0917SVHPJ,mi vida sin freno,mi vida sin freno,query: mi vida sin freno,passage: mi vida sin freno,1
79074,B098XSBJCT,persiana sin taladrar,"dalina textil estor enrollable de doble capa noche y día (blanco, 140x180cm)",query: persiana sin taladrar,"passage: dalina textil estor enrollable de doble capa noche y día (blanco, 140x180cm)",1
54959,B00MTJY826,irrigador bucal de grifo,irrigador dental spa dientes sanos limpiador,query: irrigador bucal de grifo,passage: irrigador dental spa dientes sanos limpiador,1
30504,B01N46X1WD,cuadro japones,artestock cuadro madera 70 x 50 cm. lámina barnizada con efecto palé sobre aglomerado.,query: cuadro japones,passage: artestock cuadro madera 70 x 50 cm. lámina barnizada con efecto palé sobre aglomerado.,1
26260,B07MR4DC5L,cierre magnetico para puertas,"fujie 10pcs amortiguadores magnéticos para puerta de armario cocina push to open system damper buffer cierres magnéticos para puertas de armario, gris",query: cierre magnetico para puertas,"passage: fujie 10pcs amortiguadores magnéticos para puerta de armario cocina push to open system damper buffer cierres magnéticos para puertas de armario, gris",1
31375,B01NCIYIU0,daisalux lens,daisalux lens - downlight lens 3p30 230v 3h aro metal.negro,query: daisalux lens,passage: daisalux lens - downlight lens 3p30 230v 3h aro metal.negro,1
41752,B07LD447JY,foco delantero para quad,"kimiss 2 piezas 9""led faros delanteros de coche, faros de alta potencia 185w faro delantero del coche haz de luz faros de trabajo",query: foco delantero para quad,"passage: kimiss 2 piezas 9""led faros delanteros de coche, faros de alta potencia 185w faro delantero del coche haz de luz faros de trabajo",1
84219,B071YWJ3JC,pulsometro de muñeca,"polar m430 reloj de running con gps y frecuencia cardíaca en la muñeca - multideporte - actividad 24/7 - blanco, m/l",query: pulsometro de muñeca,"passage: polar m430 reloj de running con gps y frecuencia cardíaca en la muñeca - multideporte - actividad 24/7 - blanco, m/l",1
106946,B081TTGPFV,universal screen amplific,"koconh video 3d portátil ampliar amplificador de pantalla de teléfono inteligente amplificador claro universal (2pcs, white)",query: universal screen amplific,"passage: koconh video 3d portátil ampliar amplificador de pantalla de teléfono inteligente amplificador claro universal (2pcs, white)",1
31280,B07FXSRP48,d3s xenon,"osram xenarc night breaker laser d3s, + 200%, xenón, 66340xnl, 1 lámpara",query: d3s xenon,"passage: osram xenarc night breaker laser d3s, + 200%, xenón, 66340xnl, 1 lámpara",1
45382,B006XK3MPG,gingseng koreano rojo puro,ginseng rojo coreano puro - 30 cápsulas de extracto (500 mg); panax ginseng c. a. meyer,query: gingseng koreano rojo puro,passage: ginseng rojo coreano puro - 30 cápsulas de extracto (500 mg); panax ginseng c. a. meyer,1
100227,B07VP4977L,tablet 64 gb 10 pulgadas,lnmbbs android 9.0 tablet de 10'' con wifi 4gb de ram y 64 gb de memoria tablet pc procesador de cuatro núcleos y dobles ranuras sim y una ranura tf cámara gps otg (negro),query: tablet 64 gb 10 pulgadas,passage: lnmbbs android 9.0 tablet de 10'' con wifi 4gb de ram y 64 gb de memoria tablet pc procesador de cuatro núcleos y dobles ranuras sim y una ranura tf cámara gps otg (negro),1
82366,B0828RR3T4,porta alforjas laterales para moto,"chudan alforjas de moto retro, bolsas de herramientas de cuero de pu bolsillo lateral para harley davidson sporty 883 1200 x48 hierro bolsa de motocicleta de gran capacidad,left",query: porta alforjas laterales para moto,"passage: chudan alforjas de moto retro, bolsas de herramientas de cuero de pu bolsillo lateral para harley davidson sporty 883 1200 x48 hierro bolsa de motocicleta de gran capacidad,left",1
38296,B07678FNMK,estuche de airpods,"eco-fused cubiertas protectoras compatible con el estuche apple airpods – paquete de 4 (negro, blanco, gris y transparente) – cubiertas de silicona – protege el estuche",query: estuche de airpods,"passage: eco-fused cubiertas protectoras compatible con el estuche apple airpods – paquete de 4 (negro, blanco, gris y transparente) – cubiertas de silicona – protege el estuche",1
32468,8480637544,derechos del niño,"de viaje con los derechos de las nias y los nios: autores, los propios niños y niñas. niños y niñas de 5 a 6 años del parvulario diana: 3 (la escucha que no se da)",query: derechos del niño,"passage: de viaje con los derechos de las nias y los nios: autores, los propios niños y niñas. niños y niñas de 5 a 6 años del parvulario diana: 3 (la escucha que no se da)",1
43259,B07L4XJNRG,funda llave hyundai kona,kwmobile carcasa compatible con hyundai llave de coche plegable de 3 botones - funda protectora de silicona - cover flexible en rojo/negro,query: funda llave hyundai kona,passage: kwmobile carcasa compatible con hyundai llave de coche plegable de 3 botones - funda protectora de silicona - cover flexible en rojo/negro,1
274,B0895ZNN5Z,- gel hidro-alcohólico higienizante de manos sin aclarado,oedim garrafa de 5 litros de gel hidroalcóholico para manos | alcohol higienizante de manos,query: - gel hidro-alcohólico higienizante de manos sin aclarado,passage: oedim garrafa de 5 litros de gel hidroalcóholico para manos | alcohol higienizante de manos,1
79906,B07FVNVYXQ,pijama+bebe+niña polar,bebé saco de dormir con piernas separable algodón 3.5 tog invierno bolsa de dormir mangas larga extraíbles para niños niñas 9-24 meses,query: pijama+bebe+niña polar,passage: bebé saco de dormir con piernas separable algodón 3.5 tog invierno bolsa de dormir mangas larga extraíbles para niños niñas 9-24 meses,1
65497,B0768F916J,maniqui dibujo articulado,"espeedy modelo de modelado de pintura,cuerpo chan y kun muñeca macho hembra dx conjunto de pvc movebale figura de acción modelo para los regalos shf,versión de lujo del modelo del cuerpo",query: maniqui dibujo articulado,"passage: espeedy modelo de modelado de pintura,cuerpo chan y kun muñeca macho hembra dx conjunto de pvc movebale figura de acción modelo para los regalos shf,versión de lujo del modelo del cuerpo",1
2808,B089RCKH9F,20 pendientes sin perforación,1 unids 20mm clip de acero inoxidable en pendientes pequeños de aro redondo sin perforaciones huggie dangling pendientes para mujeres hombres chapado en oro,query: 20 pendientes sin perforación,passage: 1 unids 20mm clip de acero inoxidable en pendientes pequeños de aro redondo sin perforaciones huggie dangling pendientes para mujeres hombres chapado en oro,1
3806,B083BS5ZDN,36w led exteriores sin cables,"litogo luz solar exterior 140 led【4 pack / 3 modos】con sensor de movimiento, luces led solares exteriores 270º lluminación focos solares exterior impermeable aplique lampara solar para exterior jardin",query: 36w led exteriores sin cables,"passage: litogo luz solar exterior 140 led【4 pack / 3 modos】con sensor de movimiento, luces led solares exteriores 270º lluminación focos solares exterior impermeable aplique lampara solar para exterior jardin",1
99913,B07H9579VT,switch hdmi,"ozvavzk hdmi switcher,hdmi switch splitter bidireccional 2 entradas 1 salida or 1 input 2 outputs soporta 4k, 3d y 1080p para hdtv, blu-ray player, ps3,etc.",query: switch hdmi,"passage: ozvavzk hdmi switcher,hdmi switch splitter bidireccional 2 entradas 1 salida or 1 input 2 outputs soporta 4k, 3d y 1080p para hdtv, blu-ray player, ps3,etc.",1
28113,B072PDFQ61,comida gato humeda junior,purina felix fantastic gelatina comida para gatos selecciones favoritas 10 x [4 x 100 g],query: comida gato humeda junior,passage: purina felix fantastic gelatina comida para gatos selecciones favoritas 10 x [4 x 100 g],1
59120,B06XCH21YH,kriptonite,"kryptonite antirrobo u new york standard w/flexframe-u bracket(102x203) amarillo, candados, x",query: kriptonite,"passage: kryptonite antirrobo u new york standard w/flexframe-u bracket(102x203) amarillo, candados, x",1
30610,B072LR8DRM,cuchillo mariposa practica,epicknives – cs go balisong cuchillo de entrenador mariposa cuchillo de mariposa trainer práctica csgo – 00 – 7 (dull hoja) v2,query: cuchillo mariposa practica,passage: epicknives – cs go balisong cuchillo de entrenador mariposa cuchillo de mariposa trainer práctica csgo – 00 – 7 (dull hoja) v2,1
18059,B003PPER10,bol bambu,"ambiance nature bol, bambú, centimeters",query: bol bambu,"passage: ambiance nature bol, bambú, centimeters",1
19398,B08M92R4RJ,braga cabeza hombre,"guifier 9 piezas braga cuello, microfibra braga de cuello pañuelos deporte multiuso bandana bufandas bragas de cabeza turbante enfriamiento multifunción pañuelos para moto ciclismo, camuflaje",query: braga cabeza hombre,"passage: guifier 9 piezas braga cuello, microfibra braga de cuello pañuelos deporte multiuso bandana bufandas bragas de cabeza turbante enfriamiento multifunción pañuelos para moto ciclismo, camuflaje",1
35973,B00GZD83S2,dunlop protective footwear duo18,"dunlop c462743fl s5 rigair gev.lrs 46 - botas de seguridad unisex, color marrón (bruin), talla 48",query: dunlop protective footwear duo18,"passage: dunlop c462743fl s5 rigair gev.lrs 46 - botas de seguridad unisex, color marrón (bruin), talla 48",1
85663,B07Y48CTPF,raton gaming,"rii rm106 ratón gaming 3200 dpi,ergonómico ratón óptico con cable usb, de 6 botones y 4 niveles de dpi ajustables. 7 colores rgb led y retroiluminación parpadeante. color negro",query: raton gaming,"passage: rii rm106 ratón gaming 3200 dpi,ergonómico ratón óptico con cable usb, de 6 botones y 4 niveles de dpi ajustables. 7 colores rgb led y retroiluminación parpadeante. color negro",1
77781,B07GJSRJZG,para pintura de señalizacion,"pintura para señales moype - 750 ml, amarillo 835",query: para pintura de señalizacion,"passage: pintura para señales moype - 750 ml, amarillo 835",1
17066,B09B8R7Y6T,blazer largo mujer,carteras de mujer monedero largo de cuero fire burning fire fire burning in the night crest of flame on burning wood blaze fire flame texturepu de moda cartera con tarjetero para mujer organizar one,query: blazer largo mujer,passage: carteras de mujer monedero largo de cuero fire burning fire fire burning in the night crest of flame on burning wood blaze fire flame texturepu de moda cartera con tarjetero para mujer organizar one,1
27744,B07738KF8D,collar ying yang para dos,outflower conjunto de dos piezas de acero inoxidable tai chi yin y yang colgante pareja collar,query: collar ying yang para dos,passage: outflower conjunto de dos piezas de acero inoxidable tai chi yin y yang colgante pareja collar,1
33862,B08ZJC68VJ,dispensador algodones maquillaje,"organizador de cosméticos de algodón para maquillaje, soporte de almohadillas de baño, caja de almacenamiento de acrílico transparente con tapa, caja de almacenamiento de maquillaje",query: dispensador algodones maquillaje,"passage: organizador de cosméticos de algodón para maquillaje, soporte de almohadillas de baño, caja de almacenamiento de acrílico transparente con tapa, caja de almacenamiento de maquillaje",1
84114,1684040523,pulgarcita libro,pulgarcito/tom thumb (beginning-to-read),query: pulgarcita libro,passage: pulgarcito/tom thumb (beginning-to-read),1
38120,B08BHZ8BQ9,espejos harley davidson,barbaren espejos de motocicleta espejo lateral de montaje en horquilla de 39-41 mm para harley davidson sportster xl 883 1200 xl48 72 yamaha bolt honda rebel custom cruisers,query: espejos harley davidson,passage: barbaren espejos de motocicleta espejo lateral de montaje en horquilla de 39-41 mm para harley davidson sportster xl 883 1200 xl48 72 yamaha bolt honda rebel custom cruisers,1
57199,B00D3I0D7G,kelual ds champu 100,kelual ds champu 100 ml,query: kelual ds champu 100,passage: kelual ds champu 100 ml,1
108335,B076Z2SX22,vestido,"oodji ultra mujer vestido holgado de punto, negro, es 40 / m",query: vestido,"passage: oodji ultra mujer vestido holgado de punto, negro, es 40 / m",1
43261,B07N8D5HRD,funda llave volkswagen golf 7,kwmobile carcasa compatible con vw golf 7 mk7 llave de coche de 3 botones - funda protectora de silicona - case para mando de auto en azul oscuro/rojo,query: funda llave volkswagen golf 7,passage: kwmobile carcasa compatible con vw golf 7 mk7 llave de coche de 3 botones - funda protectora de silicona - case para mando de auto en azul oscuro/rojo,1
110723,B07YL1HTNG,westworld poster serie,instabuy poster - playbill - tv series - westworld variant 03 a3 42x30,query: westworld poster serie,passage: instabuy poster - playbill - tv series - westworld variant 03 a3 42x30,1
87269,B00M75CCOS,retardante para yaculacion precoz,"imunoglukan jarabe 120ml - complemento alimenticio, con vitamina c que contribuye al correcto funcionamiento del sistema inmunitario,1ml/5kg de peso",query: retardante para yaculacion precoz,"passage: imunoglukan jarabe 120ml - complemento alimenticio, con vitamina c que contribuye al correcto funcionamiento del sistema inmunitario,1ml/5kg de peso",1
9154,B099KN15MR,anillo rubi oro,"mille amori ∞ anillo de compromiso de oro y diamantes naturales y rubí para mujer ∞ oro blanco 9 quilates 375 ♥ diamantes 0,06 kts ♥ rubí 0,40 kts",query: anillo rubi oro,"passage: mille amori ∞ anillo de compromiso de oro y diamantes naturales y rubí para mujer ∞ oro blanco 9 quilates 375 ♥ diamantes 0,06 kts ♥ rubí 0,40 kts",1
103357,B071KK6RTJ,tira luz led,"bonlux impermeable usb led tira 5v 4.5w 450lm 200cm luz fría 6000k de bajo consumo para acampada, escalada, picnic, actividades exteriores",query: tira luz led,"passage: bonlux impermeable usb led tira 5v 4.5w 450lm 200cm luz fría 6000k de bajo consumo para acampada, escalada, picnic, actividades exteriores",1
2265,B08D6LPJHG,16gb sin sistema operativo,"hp 15s-fq1158ns - ordenador portátil de 15.6"" fullhd (intel core i7-1065g7, 16 gb ram, 512 gb ssd, intel iris plus, sin sistema operativo) plata - teclado qwerty español",query: 16gb sin sistema operativo,"passage: hp 15s-fq1158ns - ordenador portátil de 15.6"" fullhd (intel core i7-1065g7, 16 gb ram, 512 gb ssd, intel iris plus, sin sistema operativo) plata - teclado qwerty español",1
66982,B07X8PVGWM,mejor patinete electrico adulto,"patinete eléctrico denver sco-65110 motor de 250 w, marco de aluminio. velocidad máx. 20 km/h, recorrido hasta 12 km por carga. ruedas 6.5 "", luz delantera y trasera, plegable y ligero, negro, unica",query: mejor patinete electrico adulto,"passage: patinete eléctrico denver sco-65110 motor de 250 w, marco de aluminio. velocidad máx. 20 km/h, recorrido hasta 12 km por carga. ruedas 6.5 "", luz delantera y trasera, plegable y ligero, negro, unica",1
22022,B01K1YTBNQ,camisetas de alien,"shirtworld&nbsp;&ndash;&nbsp;camiseta, dise&ntilde;o &laquo;uscss nostromo&raquo; negro l",query: camisetas de alien,"passage: shirtworld&nbsp;&ndash;&nbsp;camiseta, dise&ntilde;o &laquo;uscss nostromo&raquo; negro l",1
107868,B07BN21Y1R,vans,"vans ward platform canvas zapatillas mujer, negro (canvas) black/white 187), 40 eu (6.5 uk)",query: vans,"passage: vans ward platform canvas zapatillas mujer, negro (canvas) black/white 187), 40 eu (6.5 uk)",1
235,B08Z8F7W1P,", boxer sin costuras","double m, calzoncillos boxer sin costura, bóxers felxibles, transpirables, suaves y cómodos ideales para deporte, runing, ejercicio, ciclismo, tallas m,l,xl,xxl,3xl, pack de 12","query: , boxer sin costuras","passage: double m, calzoncillos boxer sin costura, bóxers felxibles, transpirables, suaves y cómodos ideales para deporte, runing, ejercicio, ciclismo, tallas m,l,xl,xxl,3xl, pack de 12",1
13112,B08XJNPBCZ,barbacoas de carbon sin humo,"telam mini parrilla de carbón portátil, 40 * 23.5* 13.5cm plegable barbacoa de acero inoxidable, 3-5 personebbq clip y cepillo de aceite para cocinar al aire libre camping picnic barbacoa (b)",query: barbacoas de carbon sin humo,"passage: telam mini parrilla de carbón portátil, 40 * 23.5* 13.5cm plegable barbacoa de acero inoxidable, 3-5 personebbq clip y cepillo de aceite para cocinar al aire libre camping picnic barbacoa (b)",1
15455,B08F4QZD6F,bicicleta niño 3 años sin pedales,"xiapia bicicleta sin pedales, correpasillos bebes 1 año, juguetes bebes 1 año, bicicleta infantil sin pedales de forma animal abeja, regalo de cumpleaños navidad para niños de 10-36 meses(abeja)",query: bicicleta niño 3 años sin pedales,"passage: xiapia bicicleta sin pedales, correpasillos bebes 1 año, juguetes bebes 1 año, bicicleta infantil sin pedales de forma animal abeja, regalo de cumpleaños navidad para niños de 10-36 meses(abeja)",1
64363,B094C88T6Q,luz patines en linea,"opurtdor patines en línea,ajustable diversión flashing roller para chicos y chicas hombres mujeres zapatos de patinaje de velocidad para principiantes especializados con ruedas luminosas",query: luz patines en linea,"passage: opurtdor patines en línea,ajustable diversión flashing roller para chicos y chicas hombres mujeres zapatos de patinaje de velocidad para principiantes especializados con ruedas luminosas",1
101142,B0107NMLGA,teclado digital,rockjam rj-661 - super kit de 61 teclas del teclado lcd con soporte y auriculares,query: teclado digital,passage: rockjam rj-661 - super kit de 61 teclas del teclado lcd con soporte y auriculares,1
10102,B07JY7ZBJD,arbol de navidad blanco,"lars360 árbol de navidad árbol artificial arboles decoración navideña, material blanco pvc, blanco con soporte en plástico, altura 2ft - 60cm",query: arbol de navidad blanco,"passage: lars360 árbol de navidad árbol artificial arboles decoración navideña, material blanco pvc, blanco con soporte en plástico, altura 2ft - 60cm",1
33591,B008AHRKNA,disfraz astronauta,"fun shack disfraz astronauta niño, disfraz carnaval niño disponible en talla m",query: disfraz astronauta,"passage: fun shack disfraz astronauta niño, disfraz carnaval niño disponible en talla m",1
60854,B07D8NHY6C,led a bateria,"sunix foco led recargable 30w, luz de trabajo 48 leds con asa magnética, 4 modos, impermeable ip64 con baterías recargables incorporadas 1600lm y puerto usb dual y modo de emergencia sos",query: led a bateria,"passage: sunix foco led recargable 30w, luz de trabajo 48 leds con asa magnética, 4 modos, impermeable ip64 con baterías recargables incorporadas 1600lm y puerto usb dual y modo de emergencia sos",1
30159,B07XD8VQ11,cristal templado xiaomi redmi note 8 pro,"ferilinso cristal templado para xiaomi redmi note 8 pro, [2 pack] protector de pantalla screen protector con garantía de reemplazo de por vida para cristal templado xiaomi redmi note 8 pro",query: cristal templado xiaomi redmi note 8 pro,"passage: ferilinso cristal templado para xiaomi redmi note 8 pro, [2 pack] protector de pantalla screen protector con garantía de reemplazo de por vida para cristal templado xiaomi redmi note 8 pro",1
43315,B098NQLJKX,funda playa movil,"cocoda funda impermeable móvil, [2 unidades] ipx8 funda acuatica movil, bolsa estanca compatible con iphone 13/13 pro max/12/11, galaxy s21 ultra/s20/s10 hasta 7'' para playa, viajes, piscina",query: funda playa movil,"passage: cocoda funda impermeable móvil, [2 unidades] ipx8 funda acuatica movil, bolsa estanca compatible con iphone 13/13 pro max/12/11, galaxy s21 ultra/s20/s10 hasta 7'' para playa, viajes, piscina",1
19414,B09FL3JQ7C,bragas sin costuras mujer pack,nc bragas de seda ice señoras bikinis braguitas encaje cintura baja sin costuras algodón dormir calzoncillos pack de 4,query: bragas sin costuras mujer pack,passage: nc bragas de seda ice señoras bikinis braguitas encaje cintura baja sin costuras algodón dormir calzoncillos pack de 4,1
43284,B07J546KDY,funda nokia 7.1,"peakally funda nokia 7.1, transparente silicona funda para nokia 7.1 carcasa flexible claro ligero tpu fundas [antideslizante] [resistente a arañazos] 5.84""-transparente",query: funda nokia 7.1,"passage: peakally funda nokia 7.1, transparente silicona funda para nokia 7.1 carcasa flexible claro ligero tpu fundas [antideslizante] [resistente a arañazos] 5.84""-transparente",1
32712,B007H6Z9MY,destornilladores intercambiables,draper 5721 - estuche de destornilladores aislados intercambiables (10 piezas),query: destornilladores intercambiables,passage: draper 5721 - estuche de destornilladores aislados intercambiables (10 piezas),1
13292,B08V3G2NZH,barrefondo de piscina,"becoyou limpiafondos piscina, aspirador piscina con 5 secciones de poste 2 bolsas de malla limpiafondos piscina manual piscina accesorios para piscina, estanque, spa",query: barrefondo de piscina,"passage: becoyou limpiafondos piscina, aspirador piscina con 5 secciones de poste 2 bolsas de malla limpiafondos piscina manual piscina accesorios para piscina, estanque, spa",1
21370,B00NGRP19E,cajitas de madera,"artemio - juego de 3 cajas para almacenamiento, color beige",query: cajitas de madera,"passage: artemio - juego de 3 cajas para almacenamiento, color beige",1
104816,B073X1MZVP,traje natacion aguas abiertas,"billabong intruder 302 gbs, traje de natación para hombre, negro (negro 19), large (talla del fabricante: w175-190)",query: traje natacion aguas abiertas,"passage: billabong intruder 302 gbs, traje de natación para hombre, negro (negro 19), large (talla del fabricante: w175-190)",1
7935,B0825LZMVM,alfombra habitacion juvenil lavable,modkoy alfombras grandes de salon y finas lavable tejidas shaggy ultra suave imitación mullida lana piel antideslizante acogedor para yoga salón económica habitacion 130x130cm azul,query: alfombra habitacion juvenil lavable,passage: modkoy alfombras grandes de salon y finas lavable tejidas shaggy ultra suave imitación mullida lana piel antideslizante acogedor para yoga salón económica habitacion 130x130cm azul,1
101140,B07GLKX4XN,teclado bluetooth tablet,"yzpusi bluetooth 3.0 inalámbrico wireless teclado, ultra slim y ligero teclado compatible with tablet, smartphone, portable teclado, android",query: teclado bluetooth tablet,"passage: yzpusi bluetooth 3.0 inalámbrico wireless teclado, ultra slim y ligero teclado compatible with tablet, smartphone, portable teclado, android",1
13496,B01LY6E214,bastones elegantes,elegante palo de madera de rosa con mango de bola de latón,query: bastones elegantes,passage: elegante palo de madera de rosa con mango de bola de latón,1
82372,B07VP53F7K,porta incienso metal,yalatan porta incienso mosquito porta incienso metal hueco estuche de incienso floral mosquito mosquito bobina repelente de insectos repelente de accesorios para el hogar,query: porta incienso metal,passage: yalatan porta incienso mosquito porta incienso metal hueco estuche de incienso floral mosquito mosquito bobina repelente de insectos repelente de accesorios para el hogar,1
78602,B07SD28ZCC,pegatinas para autocaravanas,"vinilo pegatina adventure para caravanas, jeep, autocaravanas, habitaciones camping pared/cristal campistas 70 x 40 cm de chpyhome",query: pegatinas para autocaravanas,"passage: vinilo pegatina adventure para caravanas, jeep, autocaravanas, habitaciones camping pared/cristal campistas 70 x 40 cm de chpyhome",1
42407,B07V88VLPM,franco nerf fortnite,nerf microshots fortnite hc-r,query: franco nerf fortnite,passage: nerf microshots fortnite hc-r,1
83750,B06XRH2WHD,protector cuna barrotes,tuc tuc people - protector cuna,query: protector cuna barrotes,passage: tuc tuc people - protector cuna,1
31829,B07GQBDL4M,dc multiverse,dc comics multiverse kgbeast figure,query: dc multiverse,passage: dc comics multiverse kgbeast figure,1
115502,B07LFYXTBM,zapatos invierno hombres,"geox u nebula c zapatillas hombre, azul (navy c4002), 41 eu",query: zapatos invierno hombres,"passage: geox u nebula c zapatillas hombre, azul (navy c4002), 41 eu",1
105203,B089HTDBD6,tresemme acondicionador,tresemmé acondicionador botanique coco nutre y fortalece 685 ml - pack de 6,query: tresemme acondicionador,passage: tresemmé acondicionador botanique coco nutre y fortalece 685 ml - pack de 6,1
93915,B07QX6M3FT,sj sanders,the vori's mate: a mate index alien romance (the mate index book 5) (english edition),query: sj sanders,passage: the vori's mate: a mate index alien romance (the mate index book 5) (english edition),1
87049,B00HNSUZD4,removedor de durezas,purovi cortacallos de acero inoxidable | removedor de durezas | 10 cuchillas incluidas | pedicura y cuidado de pies,query: removedor de durezas,passage: purovi cortacallos de acero inoxidable | removedor de durezas | 10 cuchillas incluidas | pedicura y cuidado de pies,1
8761,B01MFCKG43,american crew,american crew pomada de fijacion (fijacion extrema/ brillon intenso) 85g,query: american crew,passage: american crew pomada de fijacion (fijacion extrema/ brillon intenso) 85g,1
66799,B017XL96NA,medias irrompibles,"medias a compresión fuerte | panty compresión | 140 den 15-21 mm/hg | s, m, l, xl negro, natural | calcetería italiana | (xl, natural)",query: medias irrompibles,"passage: medias a compresión fuerte | panty compresión | 140 den 15-21 mm/hg | s, m, l, xl negro, natural | calcetería italiana | (xl, natural)",1
82653,B00DP43P3C,postal 50 cumpleaños,"second nature - tarjeta de felicitación para cumpleaños, diseño en 3d con texto en inglés""celebrate 50 today""",query: postal 50 cumpleaños,"passage: second nature - tarjeta de felicitación para cumpleaños, diseño en 3d con texto en inglés""celebrate 50 today""",1
38661,B01N802ZIW,exofiliante facial,"l'oréal paris hydra genius cuidado líquido facial hidratante, para uso diario en pieles mixtas a grasas, 70 ml",query: exofiliante facial,"passage: l'oréal paris hydra genius cuidado líquido facial hidratante, para uso diario en pieles mixtas a grasas, 70 ml",1
57344,B07F879VMC,keto quemagrasas potente para adelgazar,slim girlz fat-burner | 60 cápsulas para adelgazar | quemador de grasa para mujeres | 10 ingredientes activos para pérdida de peso| adelgazante vegano para dieta keto sin estimulantes |hecho en la ue,query: keto quemagrasas potente para adelgazar,passage: slim girlz fat-burner | 60 cápsulas para adelgazar | quemador de grasa para mujeres | 10 ingredientes activos para pérdida de peso| adelgazante vegano para dieta keto sin estimulantes |hecho en la ue,1
28537,B07XLKTTGR,consolador,"cộñșộlạdôr de sîlîcộñạ pura de dộblę cạpạ, ręạlîștā ręạl dóñġ pę-ñ-îș ręplîcạ cônșộlạdôręs para mụjęręș con orgạșmộ cóñtîñụộcộñ pôtęñtęș vęntộșạ,clear",query: consolador,"passage: cộñșộlạdôr de sîlîcộñạ pura de dộblę cạpạ, ręạlîștā ręạl dóñġ pę-ñ-îș ręplîcạ cônșộlạdôręs para mụjęręș con orgạșmộ cóñtîñụộcộñ pôtęñtęș vęntộșạ,clear",1
71431,B07P6Y9L5D,muebles de salon,liquidatodo ® - salón de diseño 200 cm moderna y barata en blanco brillo y gris,query: muebles de salon,passage: liquidatodo ® - salón de diseño 200 cm moderna y barata en blanco brillo y gris,1
27412,B0010XQ1ZY,coffee mate sin azucar,nestle coffee-mate the original 1 kg,query: coffee mate sin azucar,passage: nestle coffee-mate the original 1 kg,1
115453,B005A99UWK,zapatillas nike mujer,"nike kawa shower, zapatos de playa y piscina para hombre, azul (midnight navy / white), 40 eu",query: zapatillas nike mujer,"passage: nike kawa shower, zapatos de playa y piscina para hombre, azul (midnight navy / white), 40 eu",1
51661,B01A17J6JC,hp 22,printing pleasure 2 cartuchos de tinta compatibles para hp deskjet 3940 f2120 f2180 f2280 f380 f4180 d1460 d2360 d2460 officejet 4315 psc 1410 | reemplazo para hp 21xl (c9351ae) & hp 22xl (c9352ae),query: hp 22,passage: printing pleasure 2 cartuchos de tinta compatibles para hp deskjet 3940 f2120 f2180 f2280 f380 f4180 d1460 d2360 d2460 officejet 4315 psc 1410 | reemplazo para hp 21xl (c9351ae) & hp 22xl (c9352ae),1
65280,B00G6H9FG6,maletin de herramientas,"meister 9095130 - maletín de herramientas, 395 x 300 x 130 mm",query: maletin de herramientas,"passage: meister 9095130 - maletín de herramientas, 395 x 300 x 130 mm",1
115300,B000C1W6YA,yves laurent,yves saint laurent body kouros eau de toilette vaporizador 100 ml,query: yves laurent,passage: yves saint laurent body kouros eau de toilette vaporizador 100 ml,1
103268,B019WQNBAS,tinta dcp-j315w,"npc print - juego de 4 cartuchos de tinta compatibles brother lc985 para brother dcp-j125, dcp-j140w, dcp-j315w, dcp-j515w, mfc-j220, mfc-j265w, mfc-j410, mfc-j415w (cian, magenta, amarillo y negro)",query: tinta dcp-j315w,"passage: npc print - juego de 4 cartuchos de tinta compatibles brother lc985 para brother dcp-j125, dcp-j140w, dcp-j315w, dcp-j515w, mfc-j220, mfc-j265w, mfc-j410, mfc-j415w (cian, magenta, amarillo y negro)",1
53621,B07BFMWQBW,interruptor exteriorhe,"electraline 58064 interruptor crepuscular con programación, nocturna, temporizador, para uso exterior ip44, blanco",query: interruptor exteriorhe,"passage: electraline 58064 interruptor crepuscular con programación, nocturna, temporizador, para uso exterior ip44, blanco",1
91425,B07DTLKTDF,secador,"babyliss as545e cepillo rotativo de aire con 4 cabezales, base cerámica, tecnología iónica, aerodinámica termica, 2 velocidades, color blanco",query: secador,"passage: babyliss as545e cepillo rotativo de aire con 4 cabezales, base cerámica, tecnología iónica, aerodinámica termica, 2 velocidades, color blanco",1
